Type,Name,Request Count,Failure Count,Median Response Time,Average Response Time,Min Response Time,Max Response Time,Average Content Size,Requests/s,Failures/s,50%,66%,75%,80%,90%,95%,98%,99%,99.9%,99.99%,100%
GET,/api/auth/me,4,4,4,4.332906000854564,3.6014170036651194,4.973916002199985,30.0,0.889947148100109,0.889947148100109,5,5,5,5,5,5,5,5,5,5,5
GET,/api/models,5,0,6,9.43987499922514,4.73624999722233,23.670208000112325,483.0,1.1124339351251362,0.0,6,7,7,24,24,24,24,24,24,24,24
GET,/health,9,0,5,5.979115887991308,3.6612080002669245,11.150625003210735,38.0,2.0023810832252456,0.0,5,6,6,8,11,11,11,11,11,11,11
,Aggregated,18,4,5,6.574613443970318,3.6014170036651194,23.670208000112325,159.83333333333334,4.004762166450491,0.889947148100109,5,6,6,7,11,24,24,24,24,24,24
